file,line,type,commit,author,date,time,timezone,datetime,depth,length
style.css,1,css,bb98c4f1,Dylan Louie,2026-04-09,19:30:23,-07:00,2026-04-09T19:30:23-07:00,0,5
style.css,2,css,bb98c4f1,Dylan Louie,2026-04-09,19:30:23,-07:00,2026-04-09T19:30:23-07:00,1,31
style.css,3,css,b1de0d89,Dylan Louie,2026-04-16,17:46:15,-07:00,2026-04-16T17:46:15-07:00,1,23
style.css,4,css,bb98c4f1,Dylan Louie,2026-04-09,19:30:23,-07:00,2026-04-09T19:30:23-07:00,0,0
style.css,5,css,bb98c4f1,Dylan Louie,2026-04-09,19:30:23,-07:00,2026-04-09T19:30:23-07:00,0,0
style.css,6,css,82e2dd9f,Dylan Louie,2026-04-03,16:01:11,-07:00,2026-04-03T16:01:11-07:00,0,4
style.css,7,css,bb98c4f1,Dylan Louie,2026-04-09,19:30:23,-07:00,2026-04-09T19:30:23-07:00,1,43
style.css,8,css,82e2dd9f,Dylan Louie,2026-04-03,16:01:11,-07:00,2026-04-03T16:01:11-07:00,4,42
style.css,9,css,82e2dd9f,Dylan Louie,2026-04-03,16:01:11,-07:00,2026-04-03T16:01:11-07:00,3,0
style.css,10,css,bb98c4f1,Dylan Louie,2026-04-09,19:30:23,-07:00,2026-04-09T19:30:23-07:00,1,23
style.css,11,css,bb98c4f1,Dylan Louie,2026-04-09,19:30:23,-07:00,2026-04-09T19:30:23-07:00,1,15
style.css,12,css,bb98c4f1,Dylan Louie,2026-04-09,19:30:23,-07:00,2026-04-09T19:30:23-07:00,1,18
style.css,13,css,bb98c4f1,Dylan Louie,2026-04-09,19:30:23,-07:00,2026-04-09T19:30:23-07:00,1,11
style.css,14,css,bb98c4f1,Dylan Louie,2026-04-09,19:30:23,-07:00,2026-04-09T19:30:23-07:00,0,0
style.css,15,css,bb98c4f1,Dylan Louie,2026-04-09,19:30:23,-07:00,2026-04-09T19:30:23-07:00,0,0
style.css,16,css,bb98c4f1,Dylan Louie,2026-04-09,19:30:23,-07:00,2026-04-09T19:30:23-07:00,0,5
style.css,17,css,bb98c4f1,Dylan Louie,2026-04-09,19:30:23,-07:00,2026-04-09T19:30:23-07:00,0,6
style.css,18,css,bb98c4f1,Dylan Louie,2026-04-09,19:30:23,-07:00,2026-04-09T19:30:23-07:00,1,16
style.css,19,css,bb98c4f1,Dylan Louie,2026-04-09,19:30:23,-07:00,2026-04-09T19:30:23-07:00,0,0
style.css,20,css,bb98c4f1,Dylan Louie,2026-04-09,19:30:23,-07:00,2026-04-09T19:30:23-07:00,0,0
style.css,21,css,bb98c4f1,Dylan Louie,2026-04-09,19:30:23,-07:00,2026-04-09T19:30:23-07:00,0,3
style.css,22,css,b1de0d89,Dylan Louie,2026-04-16,17:46:15,-07:00,2026-04-16T17:46:15-07:00,1,39
style.css,23,css,bb98c4f1,Dylan Louie,2026-04-09,19:30:23,-07:00,2026-04-09T19:30:23-07:00,1,12
style.css,24,css,bb98c4f1,Dylan Louie,2026-04-09,19:30:23,-07:00,2026-04-09T19:30:23-07:00,1,18
style.css,25,css,b1de0d89,Dylan Louie,2026-04-16,17:46:15,-07:00,2026-04-16T17:46:15-07:00,1,43
style.css,26,css,bb98c4f1,Dylan Louie,2026-04-09,19:30:23,-07:00,2026-04-09T19:30:23-07:00,0,0
style.css,27,css,bb98c4f1,Dylan Louie,2026-04-09,19:30:23,-07:00,2026-04-09T19:30:23-07:00,0,0
style.css,28,css,bb98c4f1,Dylan Louie,2026-04-09,19:30:23,-07:00,2026-04-09T19:30:23-07:00,0,5
style.css,29,css,bb98c4f1,Dylan Louie,2026-04-09,19:30:23,-07:00,2026-04-09T19:30:23-07:00,1,6
style.css,30,css,bb98c4f1,Dylan Louie,2026-04-09,19:30:23,-07:00,2026-04-09T19:30:23-07:00,1,20
style.css,31,css,bb98c4f1,Dylan Louie,2026-04-09,19:30:23,-07:00,2026-04-09T19:30:23-07:00,1,13
style.css,32,css,bb98c4f1,Dylan Louie,2026-04-09,19:30:23,-07:00,2026-04-09T19:30:23-07:00,1,17
style.css,33,css,bb98c4f1,Dylan Louie,2026-04-09,19:30:23,-07:00,2026-04-09T19:30:23-07:00,1,13
style.css,34,css,bb98c4f1,Dylan Louie,2026-04-09,19:30:23,-07:00,2026-04-09T19:30:23-07:00,0,0
style.css,35,css,bb98c4f1,Dylan Louie,2026-04-09,19:30:23,-07:00,2026-04-09T19:30:23-07:00,0,0
style.css,36,css,bb98c4f1,Dylan Louie,2026-04-09,19:30:23,-07:00,2026-04-09T19:30:23-07:00,0,13
style.css,37,css,b1de0d89,Dylan Louie,2026-04-16,17:46:15,-07:00,2026-04-16T17:46:15-07:00,1,45
style.css,38,css,bb98c4f1,Dylan Louie,2026-04-09,19:30:23,-07:00,2026-04-09T19:30:23-07:00,1,20
style.css,39,css,bb98c4f1,Dylan Louie,2026-04-09,19:30:23,-07:00,2026-04-09T19:30:23-07:00,0,0
style.css,40,css,bb98c4f1,Dylan Louie,2026-04-09,19:30:23,-07:00,2026-04-09T19:30:23-07:00,0,0
style.css,41,css,bb98c4f1,Dylan Louie,2026-04-09,19:30:23,-07:00,2026-04-09T19:30:23-07:00,0,4
style.css,42,css,bb98c4f1,Dylan Louie,2026-04-09,19:30:23,-07:00,2026-04-09T19:30:23-07:00,1,32
style.css,43,css,bb98c4f1,Dylan Louie,2026-04-09,19:30:23,-07:00,2026-04-09T19:30:23-07:00,0,0
style.css,44,css,bb98c4f1,Dylan Louie,2026-04-09,19:30:23,-07:00,2026-04-09T19:30:23-07:00,0,0
style.css,45,css,bb98c4f1,Dylan Louie,2026-04-09,19:30:23,-07:00,2026-04-09T19:30:23-07:00,0,11
style.css,46,css,bb98c4f1,Dylan Louie,2026-04-09,19:30:23,-07:00,2026-04-09T19:30:23-07:00,1,32
style.css,47,css,b1de0d89,Dylan Louie,2026-04-16,17:46:15,-07:00,2026-04-16T17:46:15-07:00,1,69
style.css,48,css,bb98c4f1,Dylan Louie,2026-04-09,19:30:23,-07:00,2026-04-09T19:30:23-07:00,1,45
style.css,49,css,bb98c4f1,Dylan Louie,2026-04-09,19:30:23,-07:00,2026-04-09T19:30:23-07:00,1,20
style.css,50,css,bb98c4f1,Dylan Louie,2026-04-09,19:30:23,-07:00,2026-04-09T19:30:23-07:00,0,0
style.css,51,css,bb98c4f1,Dylan Louie,2026-04-09,19:30:23,-07:00,2026-04-09T19:30:23-07:00,0,0
style.css,52,css,bb98c4f1,Dylan Louie,2026-04-09,19:30:23,-07:00,2026-04-09T19:30:23-07:00,0,4
style.css,53,css,bb98c4f1,Dylan Louie,2026-04-09,19:30:23,-07:00,2026-04-09T19:30:23-07:00,0,7
style.css,54,css,bb98c4f1,Dylan Louie,2026-04-09,19:30:23,-07:00,2026-04-09T19:30:23-07:00,0,6
style.css,55,css,bb98c4f1,Dylan Louie,2026-04-09,19:30:23,-07:00,2026-04-09T19:30:23-07:00,1,12
style.css,56,css,bb98c4f1,Dylan Louie,2026-04-09,19:30:23,-07:00,2026-04-09T19:30:23-07:00,0,0
style.css,57,css,bb98c4f1,Dylan Louie,2026-04-09,19:30:23,-07:00,2026-04-09T19:30:23-07:00,0,0
style.css,58,css,bb98c4f1,Dylan Louie,2026-04-09,19:30:23,-07:00,2026-04-09T19:30:23-07:00,0,4
style.css,59,css,bb98c4f1,Dylan Louie,2026-04-09,19:30:23,-07:00,2026-04-09T19:30:23-07:00,1,12
style.css,60,css,bb98c4f1,Dylan Louie,2026-04-09,19:30:23,-07:00,2026-04-09T19:30:23-07:00,1,30
style.css,61,css,bb98c4f1,Dylan Louie,2026-04-09,19:30:23,-07:00,2026-04-09T19:30:23-07:00,1,7
style.css,62,css,bb98c4f1,Dylan Louie,2026-04-09,19:30:23,-07:00,2026-04-09T19:30:23-07:00,0,0
style.css,63,css,bb98c4f1,Dylan Louie,2026-04-09,19:30:23,-07:00,2026-04-09T19:30:23-07:00,0,0
style.css,64,css,bb98c4f1,Dylan Louie,2026-04-09,19:30:23,-07:00,2026-04-09T19:30:23-07:00,0,10
style.css,65,css,bb98c4f1,Dylan Louie,2026-04-09,19:30:23,-07:00,2026-04-09T19:30:23-07:00,1,12
style.css,66,css,bb98c4f1,Dylan Louie,2026-04-09,19:30:23,-07:00,2026-04-09T19:30:23-07:00,1,29
style.css,67,css,bb98c4f1,Dylan Louie,2026-04-09,19:30:23,-07:00,2026-04-09T19:30:23-07:00,1,18
style.css,68,css,bb98c4f1,Dylan Louie,2026-04-09,19:30:23,-07:00,2026-04-09T19:30:23-07:00,1,18
style.css,69,css,bb98c4f1,Dylan Louie,2026-04-09,19:30:23,-07:00,2026-04-09T19:30:23-07:00,0,0
style.css,70,css,bb98c4f1,Dylan Louie,2026-04-09,19:30:23,-07:00,2026-04-09T19:30:23-07:00,0,0
style.css,71,css,bb98c4f1,Dylan Louie,2026-04-09,19:30:23,-07:00,2026-04-09T19:30:23-07:00,0,11
style.css,72,css,bb98c4f1,Dylan Louie,2026-04-09,19:30:23,-07:00,2026-04-09T19:30:23-07:00,1,18
style.css,73,css,bb98c4f1,Dylan Louie,2026-04-09,19:30:23,-07:00,2026-04-09T19:30:23-07:00,1,14
style.css,74,css,bb98c4f1,Dylan Louie,2026-04-09,19:30:23,-07:00,2026-04-09T19:30:23-07:00,0,0
style.css,75,css,bb98c4f1,Dylan Louie,2026-04-09,19:30:23,-07:00,2026-04-09T19:30:23-07:00,0,0
style.css,76,css,bb98c4f1,Dylan Louie,2026-04-09,19:30:23,-07:00,2026-04-09T19:30:23-07:00,0,9
style.css,77,css,bb98c4f1,Dylan Louie,2026-04-09,19:30:23,-07:00,2026-04-09T19:30:23-07:00,1,12
style.css,78,css,bb98c4f1,Dylan Louie,2026-04-09,19:30:23,-07:00,2026-04-09T19:30:23-07:00,1,58
style.css,79,css,bb98c4f1,Dylan Louie,2026-04-09,19:30:23,-07:00,2026-04-09T19:30:23-07:00,1,7
style.css,80,css,bb98c4f1,Dylan Louie,2026-04-09,19:30:23,-07:00,2026-04-09T19:30:23-07:00,0,0
style.css,81,css,bb98c4f1,Dylan Louie,2026-04-09,19:30:23,-07:00,2026-04-09T19:30:23-07:00,0,0
style.css,82,css,bb98c4f1,Dylan Louie,2026-04-09,19:30:23,-07:00,2026-04-09T19:30:23-07:00,0,17
style.css,83,css,bb98c4f1,Dylan Louie,2026-04-09,19:30:23,-07:00,2026-04-09T19:30:23-07:00,1,12
style.css,84,css,bb98c4f1,Dylan Louie,2026-04-09,19:30:23,-07:00,2026-04-09T19:30:23-07:00,1,26
style.css,85,css,bb98c4f1,Dylan Louie,2026-04-09,19:30:23,-07:00,2026-04-09T19:30:23-07:00,1,15
style.css,86,css,bb98c4f1,Dylan Louie,2026-04-09,19:30:23,-07:00,2026-04-09T19:30:23-07:00,0,0
style.css,87,css,bb98c4f1,Dylan Louie,2026-04-09,19:30:23,-07:00,2026-04-09T19:30:23-07:00,0,0
style.css,88,css,bb98c4f1,Dylan Louie,2026-04-09,19:30:23,-07:00,2026-04-09T19:30:23-07:00,0,12
style.css,89,css,bb98c4f1,Dylan Louie,2026-04-09,19:30:23,-07:00,2026-04-09T19:30:23-07:00,1,8
style.css,90,css,bb98c4f1,Dylan Louie,2026-04-09,19:30:23,-07:00,2026-04-09T19:30:23-07:00,0,0
style.css,91,css,bb98c4f1,Dylan Louie,2026-04-09,19:30:23,-07:00,2026-04-09T19:30:23-07:00,0,0
style.css,92,css,bb98c4f1,Dylan Louie,2026-04-09,19:30:23,-07:00,2026-04-09T19:30:23-07:00,0,2
style.css,93,css,bb98c4f1,Dylan Louie,2026-04-09,19:30:23,-07:00,2026-04-09T19:30:23-07:00,1,14
style.css,94,css,bb98c4f1,Dylan Louie,2026-04-09,19:30:23,-07:00,2026-04-09T19:30:23-07:00,0,0
style.css,95,css,bb98c4f1,Dylan Louie,2026-04-09,19:30:23,-07:00,2026-04-09T19:30:23-07:00,0,0
style.css,96,css,bb98c4f1,Dylan Louie,2026-04-09,19:30:23,-07:00,2026-04-09T19:30:23-07:00,0,1
style.css,97,css,bb98c4f1,Dylan Louie,2026-04-09,19:30:23,-07:00,2026-04-09T19:30:23-07:00,0,1
style.css,98,css,bb98c4f1,Dylan Louie,2026-04-09,19:30:23,-07:00,2026-04-09T19:30:23-07:00,0,1
style.css,99,css,bb98c4f1,Dylan Louie,2026-04-09,19:30:23,-07:00,2026-04-09T19:30:23-07:00,0,1
style.css,100,css,bb98c4f1,Dylan Louie,2026-04-09,19:30:23,-07:00,2026-04-09T19:30:23-07:00,0,1
style.css,101,css,bb98c4f1,Dylan Louie,2026-04-09,19:30:23,-07:00,2026-04-09T19:30:23-07:00,0,2
style.css,102,css,bb98c4f1,Dylan Louie,2026-04-09,19:30:23,-07:00,2026-04-09T19:30:23-07:00,1,15
style.css,103,css,bb98c4f1,Dylan Louie,2026-04-09,19:30:23,-07:00,2026-04-09T19:30:23-07:00,1,17
style.css,104,css,bb98c4f1,Dylan Louie,2026-04-09,19:30:23,-07:00,2026-04-09T19:30:23-07:00,0,0
style.css,105,css,bb98c4f1,Dylan Louie,2026-04-09,19:30:23,-07:00,2026-04-09T19:30:23-07:00,0,0
style.css,106,css,bb98c4f1,Dylan Louie,2026-04-09,19:30:23,-07:00,2026-04-09T19:30:23-07:00,0,6
style.css,107,css,bb98c4f1,Dylan Louie,2026-04-09,19:30:23,-07:00,2026-04-09T19:30:23-07:00,1,17
style.css,108,css,bb98c4f1,Dylan Louie,2026-04-09,19:30:23,-07:00,2026-04-09T19:30:23-07:00,1,18
style.css,109,css,bb98c4f1,Dylan Louie,2026-04-09,19:30:23,-07:00,2026-04-09T19:30:23-07:00,0,0
style.css,110,css,bb98c4f1,Dylan Louie,2026-04-09,19:30:23,-07:00,2026-04-09T19:30:23-07:00,0,0
style.css,111,css,bb98c4f1,Dylan Louie,2026-04-09,19:30:23,-07:00,2026-04-09T19:30:23-07:00,0,14
style.css,112,css,bb98c4f1,Dylan Louie,2026-04-09,19:30:23,-07:00,2026-04-09T19:30:23-07:00,1,12
style.css,113,css,bb98c4f1,Dylan Louie,2026-04-09,19:30:23,-07:00,2026-04-09T19:30:23-07:00,1,29
style.css,114,css,bb98c4f1,Dylan Louie,2026-04-09,19:30:23,-07:00,2026-04-09T19:30:23-07:00,1,20
style.css,115,css,bb98c4f1,Dylan Louie,2026-04-09,19:30:23,-07:00,2026-04-09T19:30:23-07:00,1,20
style.css,116,css,bb98c4f1,Dylan Louie,2026-04-09,19:30:23,-07:00,2026-04-09T19:30:23-07:00,0,0
style.css,117,css,bb98c4f1,Dylan Louie,2026-04-09,19:30:23,-07:00,2026-04-09T19:30:23-07:00,0,0
style.css,118,css,bb98c4f1,Dylan Louie,2026-04-09,19:30:23,-07:00,2026-04-09T19:30:23-07:00,0,17
style.css,119,css,bb98c4f1,Dylan Louie,2026-04-09,19:30:23,-07:00,2026-04-09T19:30:23-07:00,1,8
style.css,120,css,bb98c4f1,Dylan Louie,2026-04-09,19:30:23,-07:00,2026-04-09T19:30:23-07:00,0,0
style.css,121,css,bb98c4f1,Dylan Louie,2026-04-09,19:30:23,-07:00,2026-04-09T19:30:23-07:00,0,0
style.css,122,css,bb98c4f1,Dylan Louie,2026-04-09,19:30:23,-07:00,2026-04-09T19:30:23-07:00,0,9
style.css,123,css,bb98c4f1,Dylan Louie,2026-04-09,19:30:23,-07:00,2026-04-09T19:30:23-07:00,1,12
style.css,124,css,bb98c4f1,Dylan Louie,2026-04-09,19:30:23,-07:00,2026-04-09T19:30:23-07:00,0,0
style.css,125,css,bb98c4f1,Dylan Louie,2026-04-09,19:30:23,-07:00,2026-04-09T19:30:23-07:00,0,0
style.css,126,css,bb98c4f1,Dylan Louie,2026-04-09,19:30:23,-07:00,2026-04-09T19:30:23-07:00,0,10
style.css,127,css,bb98c4f1,Dylan Louie,2026-04-09,19:30:23,-07:00,2026-04-09T19:30:23-07:00,1,41
style.css,128,css,bb98c4f1,Dylan Louie,2026-04-09,19:30:23,-07:00,2026-04-09T19:30:23-07:00,1,15
style.css,129,css,bb98c4f1,Dylan Louie,2026-04-09,19:30:23,-07:00,2026-04-09T19:30:23-07:00,1,21
style.css,130,css,bb98c4f1,Dylan Louie,2026-04-09,19:30:23,-07:00,2026-04-09T19:30:23-07:00,0,0
style.css,131,css,bb98c4f1,Dylan Louie,2026-04-09,19:30:23,-07:00,2026-04-09T19:30:23-07:00,0,0
style.css,132,css,bb98c4f1,Dylan Louie,2026-04-09,19:30:23,-07:00,2026-04-09T19:30:23-07:00,0,2
style.css,133,css,bb98c4f1,Dylan Louie,2026-04-09,19:30:23,-07:00,2026-04-09T19:30:23-07:00,1,17
style.css,134,css,b1de0d89,Dylan Louie,2026-04-16,17:46:15,-07:00,2026-04-16T17:46:15-07:00,0,0
style.css,135,css,b1de0d89,Dylan Louie,2026-04-16,17:46:15,-07:00,2026-04-16T17:46:15-07:00,0,0
style.css,136,css,b1de0d89,Dylan Louie,2026-04-16,17:46:15,-07:00,2026-04-16T17:46:15-07:00,0,13
style.css,137,css,b1de0d89,Dylan Louie,2026-04-16,17:46:15,-07:00,2026-04-16T17:46:15-07:00,1,17
style.css,138,css,b1de0d89,Dylan Louie,2026-04-16,17:46:15,-07:00,2026-04-16T17:46:15-07:00,1,8
style.css,139,css,b1de0d89,Dylan Louie,2026-04-16,17:46:15,-07:00,2026-04-16T17:46:15-07:00,1,10
style.css,140,css,b1de0d89,Dylan Louie,2026-04-16,17:46:15,-07:00,2026-04-16T17:46:15-07:00,1,19
style.css,141,css,b1de0d89,Dylan Louie,2026-04-16,17:46:15,-07:00,2026-04-16T17:46:15-07:00,1,13
style.css,142,css,b1de0d89,Dylan Louie,2026-04-16,17:46:15,-07:00,2026-04-16T17:46:15-07:00,0,0
style.css,143,css,b1de0d89,Dylan Louie,2026-04-16,17:46:15,-07:00,2026-04-16T17:46:15-07:00,0,0
style.css,144,css,b1de0d89,Dylan Louie,2026-04-16,17:46:15,-07:00,2026-04-16T17:46:15-07:00,0,20
style.css,145,css,b1de0d89,Dylan Louie,2026-04-16,17:46:15,-07:00,2026-04-16T17:46:15-07:00,1,12
style.css,146,css,b1de0d89,Dylan Louie,2026-04-16,17:46:15,-07:00,2026-04-16T17:46:15-07:00,1,17
style.css,147,css,773e8eb5,Dylan Louie,2026-04-22,23:12:26,-07:00,2026-04-22T23:12:26-07:00,0,0
style.css,148,css,773e8eb5,Dylan Louie,2026-04-22,23:12:26,-07:00,2026-04-22T23:12:26-07:00,0,0
style.css,149,css,773e8eb5,Dylan Louie,2026-04-22,23:12:26,-07:00,2026-04-22T23:12:26-07:00,0,11
style.css,150,css,773e8eb5,Dylan Louie,2026-04-22,23:12:26,-07:00,2026-04-22T23:12:26-07:00,1,12
style.css,151,css,773e8eb5,Dylan Louie,2026-04-22,23:12:26,-07:00,2026-04-22T23:12:26-07:00,1,36
style.css,152,css,773e8eb5,Dylan Louie,2026-04-22,23:12:26,-07:00,2026-04-22T23:12:26-07:00,1,8
style.css,153,css,773e8eb5,Dylan Louie,2026-04-22,23:12:26,-07:00,2026-04-22T23:12:26-07:00,1,15
style.css,154,css,773e8eb5,Dylan Louie,2026-04-22,23:12:26,-07:00,2026-04-22T23:12:26-07:00,0,0
style.css,155,css,773e8eb5,Dylan Louie,2026-04-22,23:12:26,-07:00,2026-04-22T23:12:26-07:00,0,0
style.css,156,css,773e8eb5,Dylan Louie,2026-04-22,23:12:26,-07:00,2026-04-22T23:12:26-07:00,0,14
style.css,157,css,773e8eb5,Dylan Louie,2026-04-22,23:12:26,-07:00,2026-04-22T23:12:26-07:00,1,10
style.css,158,css,773e8eb5,Dylan Louie,2026-04-22,23:12:26,-07:00,2026-04-22T23:12:26-07:00,1,17
style.css,159,css,773e8eb5,Dylan Louie,2026-04-22,23:12:26,-07:00,2026-04-22T23:12:26-07:00,1,24
style.css,160,css,773e8eb5,Dylan Louie,2026-04-22,23:12:26,-07:00,2026-04-22T23:12:26-07:00,1,15
style.css,161,css,773e8eb5,Dylan Louie,2026-04-22,23:12:26,-07:00,2026-04-22T23:12:26-07:00,0,0
style.css,162,css,773e8eb5,Dylan Louie,2026-04-22,23:12:26,-07:00,2026-04-22T23:12:26-07:00,0,0
style.css,163,css,773e8eb5,Dylan Louie,2026-04-22,23:12:26,-07:00,2026-04-22T23:12:26-07:00,0,14
style.css,164,css,773e8eb5,Dylan Louie,2026-04-22,23:12:26,-07:00,2026-04-22T23:12:26-07:00,1,10
style.css,165,css,773e8eb5,Dylan Louie,2026-04-22,23:12:26,-07:00,2026-04-22T23:12:26-07:00,1,8
style.css,166,css,773e8eb5,Dylan Louie,2026-04-22,23:12:26,-07:00,2026-04-22T23:12:26-07:00,1,14
style.css,167,css,773e8eb5,Dylan Louie,2026-04-22,23:12:26,-07:00,2026-04-22T23:12:26-07:00,1,15
style.css,168,css,773e8eb5,Dylan Louie,2026-04-22,23:12:26,-07:00,2026-04-22T23:12:26-07:00,0,0
style.css,169,css,ced31679,Dylan Louie,2026-04-30,14:35:22,-07:00,2026-04-30T14:35:22-07:00,0,0
style.css,170,css,ced31679,Dylan Louie,2026-04-30,14:35:22,-07:00,2026-04-30T14:35:22-07:00,0,18
style.css,171,css,ced31679,Dylan Louie,2026-04-30,14:35:22,-07:00,2026-04-30T14:35:22-07:00,1,14
style.css,172,css,ced31679,Dylan Louie,2026-04-30,14:35:22,-07:00,2026-04-30T14:35:22-07:00,1,16
style.css,173,css,ced31679,Dylan Louie,2026-04-30,14:35:22,-07:00,2026-04-30T14:35:22-07:00,1,16
style.css,174,css,ced31679,Dylan Louie,2026-04-30,14:35:22,-07:00,2026-04-30T14:35:22-07:00,1,13
style.css,175,css,ced31679,Dylan Louie,2026-04-30,14:35:22,-07:00,2026-04-30T14:35:22-07:00,0,0
style.css,176,css,ced31679,Dylan Louie,2026-04-30,14:35:22,-07:00,2026-04-30T14:35:22-07:00,0,0
style.css,177,css,ced31679,Dylan Louie,2026-04-30,14:35:22,-07:00,2026-04-30T14:35:22-07:00,0,51
style.css,178,css,ced31679,Dylan Louie,2026-04-30,14:35:22,-07:00,2026-04-30T14:35:22-07:00,1,11
style.css,179,css,ced31679,Dylan Louie,2026-04-30,14:35:22,-07:00,2026-04-30T14:35:22-07:00,0,0
style.css,180,css,ced31679,Dylan Louie,2026-04-30,14:35:22,-07:00,2026-04-30T14:35:22-07:00,0,0
style.css,181,css,ced31679,Dylan Louie,2026-04-30,14:35:22,-07:00,2026-04-30T14:35:22-07:00,0,23
style.css,182,css,ced31679,Dylan Louie,2026-04-30,14:35:22,-07:00,2026-04-30T14:35:22-07:00,1,36
style.css,183,css,ced31679,Dylan Louie,2026-04-30,14:35:22,-07:00,2026-04-30T14:35:22-07:00,1,14
style.css,184,css,ced31679,Dylan Louie,2026-04-30,14:35:22,-07:00,2026-04-30T14:35:22-07:00,0,0
style.css,185,css,ced31679,Dylan Louie,2026-04-30,14:35:22,-07:00,2026-04-30T14:35:22-07:00,0,0
style.css,186,css,ced31679,Dylan Louie,2026-04-30,14:35:22,-07:00,2026-04-30T14:35:22-07:00,0,9
style.css,187,css,ced31679,Dylan Louie,2026-04-30,14:35:22,-07:00,2026-04-30T14:35:22-07:00,1,35
style.css,188,css,ced31679,Dylan Louie,2026-04-30,14:35:22,-07:00,2026-04-30T14:35:22-07:00,0,0
style.css,189,css,ced31679,Dylan Louie,2026-04-30,14:35:22,-07:00,2026-04-30T14:35:22-07:00,0,0
style.css,190,css,ced31679,Dylan Louie,2026-04-30,14:35:22,-07:00,2026-04-30T14:35:22-07:00,0,18
style.css,191,css,ced31679,Dylan Louie,2026-04-30,14:35:22,-07:00,2026-04-30T14:35:22-07:00,1,17
style.css,192,css,ced31679,Dylan Louie,2026-04-30,14:35:22,-07:00,2026-04-30T14:35:22-07:00,0,0
style.css,193,css,ced31679,Dylan Louie,2026-04-30,14:35:22,-07:00,2026-04-30T14:35:22-07:00,0,0
style.css,194,css,ced31679,Dylan Louie,2026-04-30,14:35:22,-07:00,2026-04-30T14:35:22-07:00,0,14
style.css,195,css,ced31679,Dylan Louie,2026-04-30,14:35:22,-07:00,2026-04-30T14:35:22-07:00,1,12
style.css,196,css,ced31679,Dylan Louie,2026-04-30,14:35:22,-07:00,2026-04-30T14:35:22-07:00,1,18
style.css,197,css,ced31679,Dylan Louie,2026-04-30,14:35:22,-07:00,2026-04-30T14:35:22-07:00,1,7
style.css,198,css,ced31679,Dylan Louie,2026-04-30,14:35:22,-07:00,2026-04-30T14:35:22-07:00,1,14
style.css,199,css,ced31679,Dylan Louie,2026-04-30,14:35:22,-07:00,2026-04-30T14:35:22-07:00,0,0
style.css,200,css,ced31679,Dylan Louie,2026-04-30,14:35:22,-07:00,2026-04-30T14:35:22-07:00,0,0
style.css,201,css,ced31679,Dylan Louie,2026-04-30,14:35:22,-07:00,2026-04-30T14:35:22-07:00,0,7
style.css,202,css,ced31679,Dylan Louie,2026-04-30,14:35:22,-07:00,2026-04-30T14:35:22-07:00,1,12
style.css,203,css,ced31679,Dylan Louie,2026-04-30,14:35:22,-07:00,2026-04-30T14:35:22-07:00,1,57
style.css,204,css,ced31679,Dylan Louie,2026-04-30,14:35:22,-07:00,2026-04-30T14:35:22-07:00,1,10
style.css,205,css,ced31679,Dylan Louie,2026-04-30,14:35:22,-07:00,2026-04-30T14:35:22-07:00,1,15
style.css,206,css,ced31679,Dylan Louie,2026-04-30,14:35:22,-07:00,2026-04-30T14:35:22-07:00,1,8
style.css,207,css,ced31679,Dylan Louie,2026-04-30,14:35:22,-07:00,2026-04-30T14:35:22-07:00,1,11
style.css,208,css,ced31679,Dylan Louie,2026-04-30,14:35:22,-07:00,2026-04-30T14:35:22-07:00,1,21
style.css,209,css,ced31679,Dylan Louie,2026-04-30,14:35:22,-07:00,2026-04-30T14:35:22-07:00,1,17
style.css,210,css,ced31679,Dylan Louie,2026-04-30,14:35:22,-07:00,2026-04-30T14:35:22-07:00,1,6
style.css,211,css,ced31679,Dylan Louie,2026-04-30,14:35:22,-07:00,2026-04-30T14:35:22-07:00,0,0
style.css,212,css,ced31679,Dylan Louie,2026-04-30,14:35:22,-07:00,2026-04-30T14:35:22-07:00,0,0
style.css,213,css,ced31679,Dylan Louie,2026-04-30,14:35:22,-07:00,2026-04-30T14:35:22-07:00,0,12
style.css,214,css,ced31679,Dylan Louie,2026-04-30,14:35:22,-07:00,2026-04-30T14:35:22-07:00,1,12
style.css,215,css,ced31679,Dylan Louie,2026-04-30,14:35:22,-07:00,2026-04-30T14:35:22-07:00,1,18
style.css,216,css,ced31679,Dylan Louie,2026-04-30,14:35:22,-07:00,2026-04-30T14:35:22-07:00,1,9
style.css,217,css,ced31679,Dylan Louie,2026-04-30,14:35:22,-07:00,2026-04-30T14:35:22-07:00,1,15
style.css,218,css,ced31679,Dylan Louie,2026-04-30,14:35:22,-07:00,2026-04-30T14:35:22-07:00,1,14
style.css,219,css,ced31679,Dylan Louie,2026-04-30,14:35:22,-07:00,2026-04-30T14:35:22-07:00,0,0
style.css,220,css,ced31679,Dylan Louie,2026-04-30,14:35:22,-07:00,2026-04-30T14:35:22-07:00,0,0
style.css,221,css,ced31679,Dylan Louie,2026-04-30,14:35:22,-07:00,2026-04-30T14:35:22-07:00,0,21
style.css,222,css,ced31679,Dylan Louie,2026-04-30,14:35:22,-07:00,2026-04-30T14:35:22-07:00,1,16
style.css,223,css,ced31679,Dylan Louie,2026-04-30,14:35:22,-07:00,2026-04-30T14:35:22-07:00,0,0
style.css,224,css,ced31679,Dylan Louie,2026-04-30,14:35:22,-07:00,2026-04-30T14:35:22-07:00,0,0
style.css,225,css,ced31679,Dylan Louie,2026-04-30,14:35:22,-07:00,2026-04-30T14:35:22-07:00,0,7
style.css,226,css,ced31679,Dylan Louie,2026-04-30,14:35:22,-07:00,2026-04-30T14:35:22-07:00,1,20
style.css,227,css,ced31679,Dylan Louie,2026-04-30,14:35:22,-07:00,2026-04-30T14:35:22-07:00,1,9
style.css,228,css,ced31679,Dylan Louie,2026-04-30,14:35:22,-07:00,2026-04-30T14:35:22-07:00,1,18
style.css,229,css,ced31679,Dylan Louie,2026-04-30,14:35:22,-07:00,2026-04-30T14:35:22-07:00,1,17
style.css,230,css,ced31679,Dylan Louie,2026-04-30,14:35:22,-07:00,2026-04-30T14:35:22-07:00,1,29
style.css,231,css,ced31679,Dylan Louie,2026-04-30,14:35:22,-07:00,2026-04-30T14:35:22-07:00,1,13
style.css,232,css,ced31679,Dylan Louie,2026-04-30,14:35:22,-07:00,2026-04-30T14:35:22-07:00,0,0
style.css,233,css,ced31679,Dylan Louie,2026-04-30,14:35:22,-07:00,2026-04-30T14:35:22-07:00,0,0
style.css,234,css,ced31679,Dylan Louie,2026-04-30,14:35:22,-07:00,2026-04-30T14:35:22-07:00,0,10
style.css,235,css,ced31679,Dylan Louie,2026-04-30,14:35:22,-07:00,2026-04-30T14:35:22-07:00,1,13
style.css,236,css,ced31679,Dylan Louie,2026-04-30,14:35:22,-07:00,2026-04-30T14:35:22-07:00,1,10
style.css,237,css,ced31679,Dylan Louie,2026-04-30,14:35:22,-07:00,2026-04-30T14:35:22-07:00,1,14
style.css,238,css,ced31679,Dylan Louie,2026-04-30,14:35:22,-07:00,2026-04-30T14:35:22-07:00,1,20
style.css,239,css,ced31679,Dylan Louie,2026-04-30,14:35:22,-07:00,2026-04-30T14:35:22-07:00,1,18
style.css,240,css,ced31679,Dylan Louie,2026-04-30,14:35:22,-07:00,2026-04-30T14:35:22-07:00,1,13
style.css,241,css,ced31679,Dylan Louie,2026-04-30,14:35:22,-07:00,2026-04-30T14:35:22-07:00,1,21
style.css,242,css,ced31679,Dylan Louie,2026-04-30,14:35:22,-07:00,2026-04-30T14:35:22-07:00,1,17
style.css,243,css,ced31679,Dylan Louie,2026-04-30,14:35:22,-07:00,2026-04-30T14:35:22-07:00,1,12
style.css,244,css,ced31679,Dylan Louie,2026-04-30,14:35:22,-07:00,2026-04-30T14:35:22-07:00,1,29
style.css,245,css,ced31679,Dylan Louie,2026-04-30,14:35:22,-07:00,2026-04-30T14:35:22-07:00,0,0
style.css,246,css,ced31679,Dylan Louie,2026-04-30,14:35:22,-07:00,2026-04-30T14:35:22-07:00,0,0
style.css,247,css,ced31679,Dylan Louie,2026-04-30,14:35:22,-07:00,2026-04-30T14:35:22-07:00,0,16
style.css,248,css,ced31679,Dylan Louie,2026-04-30,14:35:22,-07:00,2026-04-30T14:35:22-07:00,1,17
style.css,249,css,ced31679,Dylan Louie,2026-04-30,14:35:22,-07:00,2026-04-30T14:35:22-07:00,0,0
style.css,250,css,ced31679,Dylan Louie,2026-04-30,14:35:22,-07:00,2026-04-30T14:35:22-07:00,0,0
style.css,251,css,ced31679,Dylan Louie,2026-04-30,14:35:22,-07:00,2026-04-30T14:35:22-07:00,0,13
style.css,252,css,ced31679,Dylan Louie,2026-04-30,14:35:22,-07:00,2026-04-30T14:35:22-07:00,1,39
style.css,253,css,ced31679,Dylan Louie,2026-04-30,14:35:22,-07:00,2026-04-30T14:35:22-07:00,1,34
style.css,254,css,ced31679,Dylan Louie,2026-04-30,14:35:22,-07:00,2026-04-30T14:35:22-07:00,1,16
style.css,255,css,ced31679,Dylan Louie,2026-04-30,14:35:22,-07:00,2026-04-30T14:35:22-07:00,1,10
style.css,256,css,ced31679,Dylan Louie,2026-04-30,14:35:22,-07:00,2026-04-30T14:35:22-07:00,1,17
style.css,257,css,ced31679,Dylan Louie,2026-04-30,14:35:22,-07:00,2026-04-30T14:35:22-07:00,0,0
index.js,1,js,773e8eb5,Dylan Louie,2026-04-22,23:12:26,-07:00,2026-04-22T23:12:26-07:00,0,71
index.js,2,js,773e8eb5,Dylan Louie,2026-04-22,23:12:26,-07:00,2026-04-22T23:12:26-07:00,0,0
index.js,3,js,773e8eb5,Dylan Louie,2026-04-22,23:12:26,-07:00,2026-04-22T23:12:26-07:00,0,54
index.js,4,js,773e8eb5,Dylan Louie,2026-04-22,23:12:26,-07:00,2026-04-22T23:12:26-07:00,0,0
index.js,5,js,773e8eb5,Dylan Louie,2026-04-22,23:12:26,-07:00,2026-04-22T23:12:26-07:00,0,42
index.js,6,js,773e8eb5,Dylan Louie,2026-04-22,23:12:26,-07:00,2026-04-22T23:12:26-07:00,0,0
index.js,7,js,773e8eb5,Dylan Louie,2026-04-22,23:12:26,-07:00,2026-04-22T23:12:26-07:00,0,60
index.js,8,js,773e8eb5,Dylan Louie,2026-04-22,23:12:26,-07:00,2026-04-22T23:12:26-07:00,0,0
index.js,9,js,773e8eb5,Dylan Louie,2026-04-22,23:12:26,-07:00,2026-04-22T23:12:26-07:00,0,22
index.js,10,js,773e8eb5,Dylan Louie,2026-04-22,23:12:26,-07:00,2026-04-22T23:12:26-07:00,1,54
index.js,11,js,773e8eb5,Dylan Louie,2026-04-22,23:12:26,-07:00,2026-04-22T23:12:26-07:00,0,0
index.js,12,js,773e8eb5,Dylan Louie,2026-04-22,23:12:26,-07:00,2026-04-22T23:12:26-07:00,0,0
index.js,13,js,773e8eb5,Dylan Louie,2026-04-22,23:12:26,-07:00,2026-04-22T23:12:26-07:00,0,51
index.js,14,js,773e8eb5,Dylan Louie,2026-04-22,23:12:26,-07:00,2026-04-22T23:12:26-07:00,0,0
index.js,15,js,773e8eb5,Dylan Louie,2026-04-22,23:12:26,-07:00,2026-04-22T23:12:26-07:00,0,60
index.js,16,js,773e8eb5,Dylan Louie,2026-04-22,23:12:26,-07:00,2026-04-22T23:12:26-07:00,0,0
index.js,17,js,773e8eb5,Dylan Louie,2026-04-22,23:12:26,-07:00,2026-04-22T23:12:26-07:00,0,17
index.js,18,js,773e8eb5,Dylan Louie,2026-04-22,23:12:26,-07:00,2026-04-22T23:12:26-07:00,1,24
index.js,19,js,773e8eb5,Dylan Louie,2026-04-22,23:12:26,-07:00,2026-04-22T23:12:26-07:00,5,21
index.js,20,js,773e8eb5,Dylan Louie,2026-04-22,23:12:26,-07:00,2026-04-22T23:12:26-07:00,6,55
index.js,21,js,773e8eb5,Dylan Louie,2026-04-22,23:12:26,-07:00,2026-04-22T23:12:26-07:00,6,55
index.js,22,js,773e8eb5,Dylan Louie,2026-04-22,23:12:26,-07:00,2026-04-22T23:12:26-07:00,6,49
index.js,23,js,773e8eb5,Dylan Louie,2026-04-22,23:12:26,-07:00,2026-04-22T23:12:26-07:00,6,49
index.js,24,js,773e8eb5,Dylan Louie,2026-04-22,23:12:26,-07:00,2026-04-22T23:12:26-07:00,5,3
index.js,25,js,773e8eb5,Dylan Louie,2026-04-22,23:12:26,-07:00,2026-04-22T23:12:26-07:00,3,0
index.js,26,js,773e8eb5,Dylan Louie,2026-04-22,23:12:26,-07:00,2026-04-22T23:12:26-07:00,0,0
index.html,1,html,01f6594a,Dylan Louie,2026-04-03,13:47:53,-07:00,2026-04-03T13:47:53-07:00,0,13
index.html,2,html,01f6594a,Dylan Louie,2026-04-03,13:47:53,-07:00,2026-04-03T13:47:53-07:00,0,14
index.html,3,html,01f6594a,Dylan Louie,2026-04-03,13:47:53,-07:00,2026-04-03T13:47:53-07:00,1,4
index.html,4,html,01f6594a,Dylan Louie,2026-04-03,13:47:53,-07:00,2026-04-03T13:47:53-07:00,2,22
index.html,5,html,01f6594a,Dylan Louie,2026-04-03,13:47:53,-07:00,2026-04-03T13:47:53-07:00,2,70
index.html,6,html,01f6594a,Dylan Louie,2026-04-03,13:47:53,-07:00,2026-04-03T13:47:53-07:00,2,53
index.html,7,html,1066b871,Dylan Louie,2026-04-03,16:10:00,-07:00,2026-04-03T16:10:00-07:00,2,40
index.html,8,html,b1de0d89,Dylan Louie,2026-04-16,17:46:15,-07:00,2026-04-16T17:46:15-07:00,2,45
index.html,9,html,773e8eb5,Dylan Louie,2026-04-22,23:12:26,-07:00,2026-04-22T23:12:26-07:00,2,44
index.html,10,html,01f6594a,Dylan Louie,2026-04-03,13:47:53,-07:00,2026-04-03T13:47:53-07:00,1,5
index.html,11,html,01f6594a,Dylan Louie,2026-04-03,13:47:53,-07:00,2026-04-03T13:47:53-07:00,1,4
index.html,12,html,01f6594a,Dylan Louie,2026-04-03,13:47:53,-07:00,2026-04-03T13:47:53-07:00,2,18
index.html,13,html,01f6594a,Dylan Louie,2026-04-03,13:47:53,-07:00,2026-04-03T13:47:53-07:00,2,1
index.html,14,html,01f6594a,Dylan Louie,2026-04-03,13:47:53,-07:00,2026-04-03T13:47:53-07:00,3,72
index.html,15,html,01f6594a,Dylan Louie,2026-04-03,13:47:53,-07:00,2026-04-03T13:47:53-07:00,3,38
index.html,16,html,01f6594a,Dylan Louie,2026-04-03,13:47:53,-07:00,2026-04-03T13:47:53-07:00,2,2
index.html,17,html,bb98c4f1,Dylan Louie,2026-04-09,19:30:23,-07:00,2026-04-09T19:30:23-07:00,2,66
index.html,18,html,82e2dd9f,Dylan Louie,2026-04-03,16:01:11,-07:00,2026-04-03T16:01:11-07:00,2,44
index.html,19,html,773e8eb5,Dylan Louie,2026-04-22,23:12:26,-07:00,2026-04-22T23:12:26-07:00,0,0
index.html,20,html,773e8eb5,Dylan Louie,2026-04-22,23:12:26,-07:00,2026-04-22T23:12:26-07:00,2,22
index.html,21,html,773e8eb5,Dylan Louie,2026-04-22,23:12:26,-07:00,2026-04-22T23:12:26-07:00,2,26
index.html,22,html,773e8eb5,Dylan Louie,2026-04-22,23:12:26,-07:00,2026-04-22T23:12:26-07:00,0,0
index.html,23,html,773e8eb5,Dylan Louie,2026-04-22,23:12:26,-07:00,2026-04-22T23:12:26-07:00,2,22
index.html,24,html,773e8eb5,Dylan Louie,2026-04-22,23:12:26,-07:00,2026-04-22T23:12:26-07:00,2,28
index.html,25,html,01f6594a,Dylan Louie,2026-04-03,13:47:53,-07:00,2026-04-03T13:47:53-07:00,1,5
index.html,26,html,01f6594a,Dylan Louie,2026-04-03,13:47:53,-07:00,2026-04-03T13:47:53-07:00,0,5
global.js,1,js,b1de0d89,Dylan Louie,2026-04-16,17:46:15,-07:00,2026-04-16T17:46:15-07:00,0,25
global.js,2,js,b1de0d89,Dylan Louie,2026-04-16,17:46:15,-07:00,2026-04-16T17:46:15-07:00,0,0
global.js,3,js,b1de0d89,Dylan Louie,2026-04-16,17:46:15,-07:00,2026-04-16T17:46:15-07:00,0,41
global.js,4,js,b1de0d89,Dylan Louie,2026-04-16,17:46:15,-07:00,2026-04-16T17:46:15-07:00,1,52
global.js,5,js,b1de0d89,Dylan Louie,2026-04-16,17:46:15,-07:00,2026-04-16T17:46:15-07:00,0,0
global.js,6,js,b1de0d89,Dylan Louie,2026-04-16,17:46:15,-07:00,2026-04-16T17:46:15-07:00,0,0
global.js,7,js,b1de0d89,Dylan Louie,2026-04-16,17:46:15,-07:00,2026-04-16T17:46:15-07:00,0,29
global.js,8,js,b1de0d89,Dylan Louie,2026-04-16,17:46:15,-07:00,2026-04-16T17:46:15-07:00,0,0
global.js,9,js,b1de0d89,Dylan Louie,2026-04-16,17:46:15,-07:00,2026-04-16T17:46:15-07:00,0,33
global.js,10,js,b1de0d89,Dylan Louie,2026-04-16,17:46:15,-07:00,2026-04-16T17:46:15-07:00,0,71
global.js,11,js,b1de0d89,Dylan Louie,2026-04-16,17:46:15,-07:00,2026-04-16T17:46:15-07:00,0,3
global.js,12,js,b1de0d89,Dylan Louie,2026-04-16,17:46:15,-07:00,2026-04-16T17:46:15-07:00,0,0
global.js,13,js,b1de0d89,Dylan Louie,2026-04-16,17:46:15,-07:00,2026-04-16T17:46:15-07:00,0,39
global.js,14,js,b1de0d89,Dylan Louie,2026-04-16,17:46:15,-07:00,2026-04-16T17:46:15-07:00,0,0
global.js,15,js,b1de0d89,Dylan Louie,2026-04-16,17:46:15,-07:00,2026-04-16T17:46:15-07:00,0,11
global.js,16,js,b1de0d89,Dylan Louie,2026-04-16,17:46:15,-07:00,2026-04-16T17:46:15-07:00,1,25
global.js,17,js,b1de0d89,Dylan Louie,2026-04-16,17:46:15,-07:00,2026-04-16T17:46:15-07:00,1,38
global.js,18,js,b1de0d89,Dylan Louie,2026-04-16,17:46:15,-07:00,2026-04-16T17:46:15-07:00,1,36
global.js,19,js,b1de0d89,Dylan Louie,2026-04-16,17:46:15,-07:00,2026-04-16T17:46:15-07:00,1,34
global.js,20,js,b1de0d89,Dylan Louie,2026-04-16,17:46:15,-07:00,2026-04-16T17:46:15-07:00,1,54
global.js,21,js,00000000,Not Committed Yet,2026-05-08,19:30:17,-07:00,2026-05-08T19:30:17-07:00,1,30
global.js,22,js,b1de0d89,Dylan Louie,2026-04-16,17:46:15,-07:00,2026-04-16T17:46:15-07:00,0,0
global.js,23,js,b1de0d89,Dylan Louie,2026-04-16,17:46:15,-07:00,2026-04-16T17:46:15-07:00,0,0
global.js,24,js,b1de0d89,Dylan Louie,2026-04-16,17:46:15,-07:00,2026-04-16T17:46:15-07:00,0,15
global.js,25,js,b1de0d89,Dylan Louie,2026-04-16,17:46:15,-07:00,2026-04-16T17:46:15-07:00,1,68
global.js,26,js,b1de0d89,Dylan Louie,2026-04-16,17:46:15,-07:00,2026-04-16T17:46:15-07:00,2,3
global.js,27,js,b1de0d89,Dylan Louie,2026-04-16,17:46:15,-07:00,2026-04-16T17:46:15-07:00,2,14
global.js,28,js,b1de0d89,Dylan Louie,2026-04-16,17:46:15,-07:00,2026-04-16T17:46:15-07:00,0,0
global.js,29,js,b1de0d89,Dylan Louie,2026-04-16,17:46:15,-07:00,2026-04-16T17:46:15-07:00,0,38
global.js,30,js,b1de0d89,Dylan Louie,2026-04-16,17:46:15,-07:00,2026-04-16T17:46:15-07:00,0,25
global.js,31,js,b1de0d89,Dylan Louie,2026-04-16,17:46:15,-07:00,2026-04-16T17:46:15-07:00,0,0
global.js,32,js,b1de0d89,Dylan Louie,2026-04-16,17:46:15,-07:00,2026-04-16T17:46:15-07:00,0,20
global.js,33,js,b1de0d89,Dylan Louie,2026-04-16,17:46:15,-07:00,2026-04-16T17:46:15-07:00,1,14
global.js,34,js,b1de0d89,Dylan Louie,2026-04-16,17:46:15,-07:00,2026-04-16T17:46:15-07:00,1,18
global.js,35,js,b1de0d89,Dylan Louie,2026-04-16,17:46:15,-07:00,2026-04-16T17:46:15-07:00,0,0
global.js,36,js,b1de0d89,Dylan Louie,2026-04-16,17:46:15,-07:00,2026-04-16T17:46:15-07:00,1,52
global.js,37,js,b1de0d89,Dylan Louie,2026-04-16,17:46:15,-07:00,2026-04-16T17:46:15-07:00,0,0
global.js,38,js,b1de0d89,Dylan Louie,2026-04-16,17:46:15,-07:00,2026-04-16T17:46:15-07:00,1,34
global.js,39,js,b1de0d89,Dylan Louie,2026-04-16,17:46:15,-07:00,2026-04-16T17:46:15-07:00,1,11
global.js,40,js,b1de0d89,Dylan Louie,2026-04-16,17:46:15,-07:00,2026-04-16T17:46:15-07:00,1,20
global.js,41,js,b1de0d89,Dylan Louie,2026-04-16,17:46:15,-07:00,2026-04-16T17:46:15-07:00,0,0
global.js,42,js,b1de0d89,Dylan Louie,2026-04-16,17:46:15,-07:00,2026-04-16T17:46:15-07:00,1,17
global.js,43,js,b1de0d89,Dylan Louie,2026-04-16,17:46:15,-07:00,2026-04-16T17:46:15-07:00,2,8
global.js,44,js,b1de0d89,Dylan Louie,2026-04-16,17:46:15,-07:00,2026-04-16T17:46:15-07:00,2,58
global.js,45,js,b1de0d89,Dylan Louie,2026-04-16,17:46:15,-07:00,2026-04-16T17:46:15-07:00,1,0
global.js,46,js,b1de0d89,Dylan Louie,2026-04-16,17:46:15,-07:00,2026-04-16T17:46:15-07:00,0,0
global.js,47,js,b1de0d89,Dylan Louie,2026-04-16,17:46:15,-07:00,2026-04-16T17:46:15-07:00,1,29
global.js,48,js,b1de0d89,Dylan Louie,2026-04-16,17:46:15,-07:00,2026-04-16T17:46:15-07:00,2,18
global.js,49,js,b1de0d89,Dylan Louie,2026-04-16,17:46:15,-07:00,2026-04-16T17:46:15-07:00,1,0
global.js,50,js,b1de0d89,Dylan Louie,2026-04-16,17:46:15,-07:00,2026-04-16T17:46:15-07:00,0,0
global.js,51,js,b1de0d89,Dylan Louie,2026-04-16,17:46:15,-07:00,2026-04-16T17:46:15-07:00,1,12
global.js,52,js,b1de0d89,Dylan Louie,2026-04-16,17:46:15,-07:00,2026-04-16T17:46:15-07:00,0,0
global.js,53,js,b1de0d89,Dylan Louie,2026-04-16,17:46:15,-07:00,2026-04-16T17:46:15-07:00,0,0
global.js,54,js,b1de0d89,Dylan Louie,2026-04-16,17:46:15,-07:00,2026-04-16T17:46:15-07:00,0,31
global.js,55,js,b1de0d89,Dylan Louie,2026-04-16,17:46:15,-07:00,2026-04-16T17:46:15-07:00,1,11
global.js,56,js,b1de0d89,Dylan Louie,2026-04-16,17:46:15,-07:00,2026-04-16T17:46:15-07:00,1,0
global.js,57,js,b1de0d89,Dylan Louie,2026-04-16,17:46:15,-07:00,2026-04-16T17:46:15-07:00,0,26
global.js,58,js,b1de0d89,Dylan Louie,2026-04-16,17:46:15,-07:00,2026-04-16T17:46:15-07:00,0,4
global.js,59,js,b1de0d89,Dylan Louie,2026-04-16,17:46:15,-07:00,2026-04-16T17:46:15-07:00,0,6
global.js,60,js,b1de0d89,Dylan Louie,2026-04-16,17:46:15,-07:00,2026-04-16T17:46:15-07:00,0,43
global.js,61,js,b1de0d89,Dylan Louie,2026-04-16,17:46:15,-07:00,2026-04-16T17:46:15-07:00,0,34
global.js,62,js,b1de0d89,Dylan Louie,2026-04-16,17:46:15,-07:00,2026-04-16T17:46:15-07:00,0,32
global.js,63,js,b1de0d89,Dylan Louie,2026-04-16,17:46:15,-07:00,2026-04-16T17:46:15-07:00,0,7
global.js,64,js,b1de0d89,Dylan Louie,2026-04-16,17:46:15,-07:00,2026-04-16T17:46:15-07:00,0,7
global.js,65,js,b1de0d89,Dylan Louie,2026-04-16,17:46:15,-07:00,2026-04-16T17:46:15-07:00,0,0
global.js,66,js,b1de0d89,Dylan Louie,2026-04-16,17:46:15,-07:00,2026-04-16T17:46:15-07:00,0,0
global.js,67,js,b1de0d89,Dylan Louie,2026-04-16,17:46:15,-07:00,2026-04-16T17:46:15-07:00,0,60
global.js,68,js,b1de0d89,Dylan Louie,2026-04-16,17:46:15,-07:00,2026-04-16T17:46:15-07:00,0,0
global.js,69,js,b1de0d89,Dylan Louie,2026-04-16,17:46:15,-07:00,2026-04-16T17:46:15-07:00,0,30
global.js,70,js,b1de0d89,Dylan Louie,2026-04-16,17:46:15,-07:00,2026-04-16T17:46:15-07:00,1,64
global.js,71,js,b1de0d89,Dylan Louie,2026-04-16,17:46:15,-07:00,2026-04-16T17:46:15-07:00,1,19
global.js,72,js,b1de0d89,Dylan Louie,2026-04-16,17:46:15,-07:00,2026-04-16T17:46:15-07:00,0,0
global.js,73,js,b1de0d89,Dylan Louie,2026-04-16,17:46:15,-07:00,2026-04-16T17:46:15-07:00,0,0
global.js,74,js,b1de0d89,Dylan Louie,2026-04-16,17:46:15,-07:00,2026-04-16T17:46:15-07:00,0,34
global.js,75,js,b1de0d89,Dylan Louie,2026-04-16,17:46:15,-07:00,2026-04-16T17:46:15-07:00,1,39
global.js,76,js,b1de0d89,Dylan Louie,2026-04-16,17:46:15,-07:00,2026-04-16T17:46:15-07:00,0,0
global.js,77,js,b1de0d89,Dylan Louie,2026-04-16,17:46:15,-07:00,2026-04-16T17:46:15-07:00,0,0
global.js,78,js,b1de0d89,Dylan Louie,2026-04-16,17:46:15,-07:00,2026-04-16T17:46:15-07:00,0,49
global.js,79,js,b1de0d89,Dylan Louie,2026-04-16,17:46:15,-07:00,2026-04-16T17:46:15-07:00,1,57
global.js,80,js,b1de0d89,Dylan Louie,2026-04-16,17:46:15,-07:00,2026-04-16T17:46:15-07:00,0,0
global.js,81,js,b1de0d89,Dylan Louie,2026-04-16,17:46:15,-07:00,2026-04-16T17:46:15-07:00,1,33
global.js,82,js,b1de0d89,Dylan Louie,2026-04-16,17:46:15,-07:00,2026-04-16T17:46:15-07:00,0,0
global.js,83,js,b1de0d89,Dylan Louie,2026-04-16,17:46:15,-07:00,2026-04-16T17:46:15-07:00,1,44
global.js,84,js,b1de0d89,Dylan Louie,2026-04-16,17:46:15,-07:00,2026-04-16T17:46:15-07:00,0,1
global.js,85,js,b1de0d89,Dylan Louie,2026-04-16,17:46:15,-07:00,2026-04-16T17:46:15-07:00,0,0
global.js,86,js,b1de0d89,Dylan Louie,2026-04-16,17:46:15,-07:00,2026-04-16T17:46:15-07:00,0,20
global.js,87,js,b1de0d89,Dylan Louie,2026-04-16,17:46:15,-07:00,2026-04-16T17:46:15-07:00,0,42
global.js,88,js,b1de0d89,Dylan Louie,2026-04-16,17:46:15,-07:00,2026-04-16T17:46:15-07:00,0,0
global.js,89,js,b1de0d89,Dylan Louie,2026-04-16,17:46:15,-07:00,2026-04-16T17:46:15-07:00,0,49
global.js,90,js,b1de0d89,Dylan Louie,2026-04-16,17:46:15,-07:00,2026-04-16T17:46:15-07:00,1,21
global.js,91,js,b1de0d89,Dylan Louie,2026-04-16,17:46:15,-07:00,2026-04-16T17:46:15-07:00,0,0
global.js,92,js,b1de0d89,Dylan Louie,2026-04-16,17:46:15,-07:00,2026-04-16T17:46:15-07:00,1,30
global.js,93,js,b1de0d89,Dylan Louie,2026-04-16,17:46:15,-07:00,2026-04-16T17:46:15-07:00,0,0
global.js,94,js,b1de0d89,Dylan Louie,2026-04-16,17:46:15,-07:00,2026-04-16T17:46:15-07:00,1,26
global.js,95,js,b1de0d89,Dylan Louie,2026-04-16,17:46:15,-07:00,2026-04-16T17:46:15-07:00,0,0
global.js,96,js,b1de0d89,Dylan Louie,2026-04-16,17:46:15,-07:00,2026-04-16T17:46:15-07:00,1,14
global.js,97,js,b1de0d89,Dylan Louie,2026-04-16,17:46:15,-07:00,2026-04-16T17:46:15-07:00,1,31
global.js,98,js,b1de0d89,Dylan Louie,2026-04-16,17:46:15,-07:00,2026-04-16T17:46:15-07:00,2,50
global.js,99,js,b1de0d89,Dylan Louie,2026-04-16,17:46:15,-07:00,2026-04-16T17:46:15-07:00,1,0
global.js,100,js,b1de0d89,Dylan Louie,2026-04-16,17:46:15,-07:00,2026-04-16T17:46:15-07:00,0,0
global.js,101,js,b1de0d89,Dylan Louie,2026-04-16,17:46:15,-07:00,2026-04-16T17:46:15-07:00,1,22
global.js,102,js,b1de0d89,Dylan Louie,2026-04-16,17:46:15,-07:00,2026-04-16T17:46:15-07:00,1,18
global.js,103,js,b1de0d89,Dylan Louie,2026-04-16,17:46:15,-07:00,2026-04-16T17:46:15-07:00,0,1
global.js,104,js,773e8eb5,Dylan Louie,2026-04-22,23:12:26,-07:00,2026-04-22T23:12:26-07:00,0,0
global.js,105,js,773e8eb5,Dylan Louie,2026-04-22,23:12:26,-07:00,2026-04-22T23:12:26-07:00,0,36
global.js,106,js,773e8eb5,Dylan Louie,2026-04-22,23:12:26,-07:00,2026-04-22T23:12:26-07:00,1,3
global.js,107,js,773e8eb5,Dylan Louie,2026-04-22,23:12:26,-07:00,2026-04-22T23:12:26-07:00,2,39
global.js,108,js,773e8eb5,Dylan Louie,2026-04-22,23:12:26,-07:00,2026-04-22T23:12:26-07:00,2,32
global.js,109,js,773e8eb5,Dylan Louie,2026-04-22,23:12:26,-07:00,2026-04-22T23:12:26-07:00,0,0
global.js,110,js,773e8eb5,Dylan Louie,2026-04-22,23:12:26,-07:00,2026-04-22T23:12:26-07:00,2,17
global.js,111,js,773e8eb5,Dylan Louie,2026-04-22,23:12:26,-07:00,2026-04-22T23:12:26-07:00,3,66
global.js,112,js,773e8eb5,Dylan Louie,2026-04-22,23:12:26,-07:00,2026-04-22T23:12:26-07:00,2,0
global.js,113,js,773e8eb5,Dylan Louie,2026-04-22,23:12:26,-07:00,2026-04-22T23:12:26-07:00,0,0
global.js,114,js,773e8eb5,Dylan Louie,2026-04-22,23:12:26,-07:00,2026-04-22T23:12:26-07:00,2,33
global.js,115,js,773e8eb5,Dylan Louie,2026-04-22,23:12:26,-07:00,2026-04-22T23:12:26-07:00,2,10
global.js,116,js,773e8eb5,Dylan Louie,2026-04-22,23:12:26,-07:00,2026-04-22T23:12:26-07:00,1,15
global.js,117,js,773e8eb5,Dylan Louie,2026-04-22,23:12:26,-07:00,2026-04-22T23:12:26-07:00,2,59
global.js,118,js,773e8eb5,Dylan Louie,2026-04-22,23:12:26,-07:00,2026-04-22T23:12:26-07:00,1,0
global.js,119,js,773e8eb5,Dylan Louie,2026-04-22,23:12:26,-07:00,2026-04-22T23:12:26-07:00,0,0
global.js,120,js,773e8eb5,Dylan Louie,2026-04-22,23:12:26,-07:00,2026-04-22T23:12:26-07:00,0,0
global.js,121,js,773e8eb5,Dylan Louie,2026-04-22,23:12:26,-07:00,2026-04-22T23:12:26-07:00,0,29
global.js,122,js,773e8eb5,Dylan Louie,2026-04-22,23:12:26,-07:00,2026-04-22T23:12:26-07:00,1,7
global.js,123,js,773e8eb5,Dylan Louie,2026-04-22,23:12:26,-07:00,2026-04-22T23:12:26-07:00,1,15
global.js,124,js,773e8eb5,Dylan Louie,2026-04-22,23:12:26,-07:00,2026-04-22T23:12:26-07:00,1,17
global.js,125,js,773e8eb5,Dylan Louie,2026-04-22,23:12:26,-07:00,2026-04-22T23:12:26-07:00,0,1
global.js,126,js,773e8eb5,Dylan Louie,2026-04-22,23:12:26,-07:00,2026-04-22T23:12:26-07:00,1,30
global.js,127,js,773e8eb5,Dylan Louie,2026-04-22,23:12:26,-07:00,2026-04-22T23:12:26-07:00,0,0
global.js,128,js,773e8eb5,Dylan Louie,2026-04-22,23:12:26,-07:00,2026-04-22T23:12:26-07:00,1,29
global.js,129,js,773e8eb5,Dylan Louie,2026-04-22,23:12:26,-07:00,2026-04-22T23:12:26-07:00,2,48
global.js,130,js,773e8eb5,Dylan Louie,2026-04-22,23:12:26,-07:00,2026-04-22T23:12:26-07:00,2,19
global.js,131,js,773e8eb5,Dylan Louie,2026-04-22,23:12:26,-07:00,2026-04-22T23:12:26-07:00,6,49
global.js,132,js,773e8eb5,Dylan Louie,2026-04-22,23:12:26,-07:00,2026-04-22T23:12:26-07:00,6,49
global.js,133,js,ced31679,Dylan Louie,2026-04-30,14:35:22,-07:00,2026-04-30T14:35:22-07:00,6,3
global.js,134,js,ced31679,Dylan Louie,2026-04-30,14:35:22,-07:00,2026-04-30T14:35:22-07:00,7,27
global.js,135,js,ced31679,Dylan Louie,2026-04-30,14:35:22,-07:00,2026-04-30T14:35:22-07:00,7,41
global.js,136,js,ced31679,Dylan Louie,2026-04-30,14:35:22,-07:00,2026-04-30T14:35:22-07:00,6,4
global.js,137,js,773e8eb5,Dylan Louie,2026-04-22,23:12:26,-07:00,2026-04-22T23:12:26-07:00,4,0
global.js,138,js,773e8eb5,Dylan Louie,2026-04-22,23:12:26,-07:00,2026-04-22T23:12:26-07:00,2,36
global.js,139,js,773e8eb5,Dylan Louie,2026-04-22,23:12:26,-07:00,2026-04-22T23:12:26-07:00,1,0
global.js,140,js,773e8eb5,Dylan Louie,2026-04-22,23:12:26,-07:00,2026-04-22T23:12:26-07:00,0,0
global.js,141,js,773e8eb5,Dylan Louie,2026-04-22,23:12:26,-07:00,2026-04-22T23:12:26-07:00,0,0
global.js,142,js,773e8eb5,Dylan Louie,2026-04-22,23:12:26,-07:00,2026-04-22T23:12:26-07:00,0,47
global.js,143,js,773e8eb5,Dylan Louie,2026-04-22,23:12:26,-07:00,2026-04-22T23:12:26-07:00,1,59
global.js,144,js,773e8eb5,Dylan Louie,2026-04-22,23:12:26,-07:00,2026-04-22T23:12:26-07:00,0,0
resume/index.html,1,html,82e2dd9f,Dylan Louie,2026-04-03,16:01:11,-07:00,2026-04-03T16:01:11-07:00,0,13
resume/index.html,2,html,82e2dd9f,Dylan Louie,2026-04-03,16:01:11,-07:00,2026-04-03T16:01:11-07:00,0,14
resume/index.html,3,html,82e2dd9f,Dylan Louie,2026-04-03,16:01:11,-07:00,2026-04-03T16:01:11-07:00,1,4
resume/index.html,4,html,82e2dd9f,Dylan Louie,2026-04-03,16:01:11,-07:00,2026-04-03T16:01:11-07:00,2,22
resume/index.html,5,html,82e2dd9f,Dylan Louie,2026-04-03,16:01:11,-07:00,2026-04-03T16:01:11-07:00,2,70
resume/index.html,6,html,82e2dd9f,Dylan Louie,2026-04-03,16:01:11,-07:00,2026-04-03T16:01:11-07:00,2,19
resume/index.html,7,html,1066b871,Dylan Louie,2026-04-03,16:10:00,-07:00,2026-04-03T16:10:00-07:00,2,43
resume/index.html,8,html,b1de0d89,Dylan Louie,2026-04-16,17:46:15,-07:00,2026-04-16T17:46:15-07:00,2,48
resume/index.html,9,html,82e2dd9f,Dylan Louie,2026-04-03,16:01:11,-07:00,2026-04-03T16:01:11-07:00,1,5
resume/index.html,10,html,82e2dd9f,Dylan Louie,2026-04-03,16:01:11,-07:00,2026-04-03T16:01:11-07:00,1,4
resume/index.html,11,html,82e2dd9f,Dylan Louie,2026-04-03,16:01:11,-07:00,2026-04-03T16:01:11-07:00,2,16
resume/index.html,12,html,82e2dd9f,Dylan Louie,2026-04-03,16:01:11,-07:00,2026-04-03T16:01:11-07:00,2,4
resume/index.html,13,html,82e2dd9f,Dylan Louie,2026-04-03,16:01:11,-07:00,2026-04-03T16:01:11-07:00,3,34
resume/index.html,14,html,82e2dd9f,Dylan Louie,2026-04-03,16:01:11,-07:00,2026-04-03T16:01:11-07:00,3,20
resume/index.html,15,html,82e2dd9f,Dylan Louie,2026-04-03,16:01:11,-07:00,2026-04-03T16:01:11-07:00,3,10
resume/index.html,16,html,82e2dd9f,Dylan Louie,2026-04-03,16:01:11,-07:00,2026-04-03T16:01:11-07:00,3,12
resume/index.html,17,html,82e2dd9f,Dylan Louie,2026-04-03,16:01:11,-07:00,2026-04-03T16:01:11-07:00,2,0
resume/index.html,18,html,82e2dd9f,Dylan Louie,2026-04-03,16:01:11,-07:00,2026-04-03T16:01:11-07:00,0,0
resume/index.html,19,html,bb98c4f1,Dylan Louie,2026-04-09,19:30:23,-07:00,2026-04-09T19:30:23-07:00,2,32
resume/index.html,20,html,82e2dd9f,Dylan Louie,2026-04-03,16:01:11,-07:00,2026-04-03T16:01:11-07:00,2,6
resume/index.html,21,html,bb98c4f1,Dylan Louie,2026-04-09,19:30:23,-07:00,2026-04-09T19:30:23-07:00,3,18
resume/index.html,22,html,82e2dd9f,Dylan Louie,2026-04-03,16:01:11,-07:00,2026-04-03T16:01:11-07:00,3,1
resume/index.html,23,html,82e2dd9f,Dylan Louie,2026-04-03,16:01:11,-07:00,2026-04-03T16:01:11-07:00,4,10
resume/index.html,24,html,82e2dd9f,Dylan Louie,2026-04-03,16:01:11,-07:00,2026-04-03T16:01:11-07:00,4,70
resume/index.html,25,html,82e2dd9f,Dylan Louie,2026-04-03,16:01:11,-07:00,2026-04-03T16:01:11-07:00,4,69
resume/index.html,26,html,82e2dd9f,Dylan Louie,2026-04-03,16:01:11,-07:00,2026-04-03T16:01:11-07:00,5,39
resume/index.html,27,html,82e2dd9f,Dylan Louie,2026-04-03,16:01:11,-07:00,2026-04-03T16:01:11-07:00,4,0
resume/index.html,28,html,82e2dd9f,Dylan Louie,2026-04-03,16:01:11,-07:00,2026-04-03T16:01:11-07:00,4,0
resume/index.html,29,html,82e2dd9f,Dylan Louie,2026-04-03,16:01:11,-07:00,2026-04-03T16:01:11-07:00,4,51
resume/index.html,30,html,82e2dd9f,Dylan Louie,2026-04-03,16:01:11,-07:00,2026-04-03T16:01:11-07:00,5,21
resume/index.html,31,html,82e2dd9f,Dylan Louie,2026-04-03,16:01:11,-07:00,2026-04-03T16:01:11-07:00,4,0
resume/index.html,32,html,82e2dd9f,Dylan Louie,2026-04-03,16:01:11,-07:00,2026-04-03T16:01:11-07:00,3,2
resume/index.html,33,html,82e2dd9f,Dylan Louie,2026-04-03,16:01:11,-07:00,2026-04-03T16:01:11-07:00,2,7
resume/index.html,34,html,82e2dd9f,Dylan Louie,2026-04-03,16:01:11,-07:00,2026-04-03T16:01:11-07:00,0,0
resume/index.html,35,html,82e2dd9f,Dylan Louie,2026-04-03,16:01:11,-07:00,2026-04-03T16:01:11-07:00,2,7
resume/index.html,36,html,82e2dd9f,Dylan Louie,2026-04-03,16:01:11,-07:00,2026-04-03T16:01:11-07:00,3,16
resume/index.html,37,html,82e2dd9f,Dylan Louie,2026-04-03,16:01:11,-07:00,2026-04-03T16:01:11-07:00,0,0
resume/index.html,38,html,82e2dd9f,Dylan Louie,2026-04-03,16:01:11,-07:00,2026-04-03T16:01:11-07:00,3,7
resume/index.html,39,html,82e2dd9f,Dylan Louie,2026-04-03,16:01:11,-07:00,2026-04-03T16:01:11-07:00,4,6
resume/index.html,40,html,82e2dd9f,Dylan Louie,2026-04-03,16:01:11,-07:00,2026-04-03T16:01:11-07:00,5,41
resume/index.html,41,html,82e2dd9f,Dylan Louie,2026-04-03,16:01:11,-07:00,2026-04-03T16:01:11-07:00,5,39
resume/index.html,42,html,82e2dd9f,Dylan Louie,2026-04-03,16:01:11,-07:00,2026-04-03T16:01:11-07:00,4,7
resume/index.html,43,html,82e2dd9f,Dylan Louie,2026-04-03,16:01:11,-07:00,2026-04-03T16:01:11-07:00,0,0
resume/index.html,44,html,82e2dd9f,Dylan Louie,2026-04-03,16:01:11,-07:00,2026-04-03T16:01:11-07:00,4,1
resume/index.html,45,html,82e2dd9f,Dylan Louie,2026-04-03,16:01:11,-07:00,2026-04-03T16:01:11-07:00,5,42
resume/index.html,46,html,82e2dd9f,Dylan Louie,2026-04-03,16:01:11,-07:00,2026-04-03T16:01:11-07:00,5,4
resume/index.html,47,html,82e2dd9f,Dylan Louie,2026-04-03,16:01:11,-07:00,2026-04-03T16:01:11-07:00,5,36
resume/index.html,48,html,82e2dd9f,Dylan Louie,2026-04-03,16:01:11,-07:00,2026-04-03T16:01:11-07:00,4,2
resume/index.html,49,html,82e2dd9f,Dylan Louie,2026-04-03,16:01:11,-07:00,2026-04-03T16:01:11-07:00,0,0
resume/index.html,50,html,82e2dd9f,Dylan Louie,2026-04-03,16:01:11,-07:00,2026-04-03T16:01:11-07:00,4,7
resume/index.html,51,html,82e2dd9f,Dylan Louie,2026-04-03,16:01:11,-07:00,2026-04-03T16:01:11-07:00,5,26
resume/index.html,52,html,82e2dd9f,Dylan Louie,2026-04-03,16:01:11,-07:00,2026-04-03T16:01:11-07:00,5,1
resume/index.html,53,html,82e2dd9f,Dylan Louie,2026-04-03,16:01:11,-07:00,2026-04-03T16:01:11-07:00,6,64
resume/index.html,54,html,82e2dd9f,Dylan Louie,2026-04-03,16:01:11,-07:00,2026-04-03T16:01:11-07:00,6,34
resume/index.html,55,html,82e2dd9f,Dylan Louie,2026-04-03,16:01:11,-07:00,2026-04-03T16:01:11-07:00,5,2
resume/index.html,56,html,82e2dd9f,Dylan Louie,2026-04-03,16:01:11,-07:00,2026-04-03T16:01:11-07:00,4,8
resume/index.html,57,html,82e2dd9f,Dylan Louie,2026-04-03,16:01:11,-07:00,2026-04-03T16:01:11-07:00,3,8
resume/index.html,58,html,82e2dd9f,Dylan Louie,2026-04-03,16:01:11,-07:00,2026-04-03T16:01:11-07:00,2,8
resume/index.html,59,html,82e2dd9f,Dylan Louie,2026-04-03,16:01:11,-07:00,2026-04-03T16:01:11-07:00,1,5
resume/index.html,60,html,82e2dd9f,Dylan Louie,2026-04-03,16:01:11,-07:00,2026-04-03T16:01:11-07:00,0,5
projects/projects.js,1,js,ced31679,Dylan Louie,2026-04-30,14:35:22,-07:00,2026-04-30T14:35:22-07:00,0,55
projects/projects.js,2,js,ced31679,Dylan Louie,2026-04-30,14:35:22,-07:00,2026-04-30T14:35:22-07:00,0,59
projects/projects.js,3,js,773e8eb5,Dylan Louie,2026-04-22,23:12:26,-07:00,2026-04-22T23:12:26-07:00,0,0
projects/projects.js,4,js,ced31679,Dylan Louie,2026-04-30,14:35:22,-07:00,2026-04-30T14:35:22-07:00,0,55
projects/projects.js,5,js,773e8eb5,Dylan Louie,2026-04-22,23:12:26,-07:00,2026-04-22T23:12:26-07:00,0,0
projects/projects.js,6,js,ced31679,Dylan Louie,2026-04-30,14:35:22,-07:00,2026-04-30T14:35:22-07:00,0,60
projects/projects.js,7,js,773e8eb5,Dylan Louie,2026-04-22,23:12:26,-07:00,2026-04-22T23:12:26-07:00,0,0
projects/projects.js,8,js,ced31679,Dylan Louie,2026-04-30,14:35:22,-07:00,2026-04-30T14:35:22-07:00,0,48
projects/projects.js,9,js,773e8eb5,Dylan Louie,2026-04-22,23:12:26,-07:00,2026-04-22T23:12:26-07:00,0,0
projects/projects.js,10,js,ced31679,Dylan Louie,2026-04-30,14:35:22,-07:00,2026-04-30T14:35:22-07:00,0,62
projects/projects.js,11,js,773e8eb5,Dylan Louie,2026-04-22,23:12:26,-07:00,2026-04-22T23:12:26-07:00,0,18
projects/projects.js,12,js,ced31679,Dylan Louie,2026-04-30,14:35:22,-07:00,2026-04-30T14:35:22-07:00,1,56
projects/projects.js,13,js,ced31679,Dylan Louie,2026-04-30,14:35:22,-07:00,2026-04-30T14:35:22-07:00,0,0
projects/projects.js,14,js,ced31679,Dylan Louie,2026-04-30,14:35:22,-07:00,2026-04-30T14:35:22-07:00,0,0
projects/projects.js,15,js,ced31679,Dylan Louie,2026-04-30,14:35:22,-07:00,2026-04-30T14:35:22-07:00,0,13
projects/projects.js,16,js,ced31679,Dylan Louie,2026-04-30,14:35:22,-07:00,2026-04-30T14:35:22-07:00,0,22
projects/projects.js,17,js,ced31679,Dylan Louie,2026-04-30,14:35:22,-07:00,2026-04-30T14:35:22-07:00,0,0
projects/projects.js,18,js,ced31679,Dylan Louie,2026-04-30,14:35:22,-07:00,2026-04-30T14:35:22-07:00,0,59
projects/projects.js,19,js,ced31679,Dylan Louie,2026-04-30,14:35:22,-07:00,2026-04-30T14:35:22-07:00,0,49
projects/projects.js,20,js,ced31679,Dylan Louie,2026-04-30,14:35:22,-07:00,2026-04-30T14:35:22-07:00,0,0
projects/projects.js,21,js,ced31679,Dylan Louie,2026-04-30,14:35:22,-07:00,2026-04-30T14:35:22-07:00,0,39
projects/projects.js,22,js,ced31679,Dylan Louie,2026-04-30,14:35:22,-07:00,2026-04-30T14:35:22-07:00,1,29
projects/projects.js,23,js,ced31679,Dylan Louie,2026-04-30,14:35:22,-07:00,2026-04-30T14:35:22-07:00,1,38
projects/projects.js,24,js,ced31679,Dylan Louie,2026-04-30,14:35:22,-07:00,2026-04-30T14:35:22-07:00,2,61
projects/projects.js,25,js,ced31679,Dylan Louie,2026-04-30,14:35:22,-07:00,2026-04-30T14:35:22-07:00,2,42
projects/projects.js,26,js,ced31679,Dylan Louie,2026-04-30,14:35:22,-07:00,2026-04-30T14:35:22-07:00,1,1
projects/projects.js,27,js,ced31679,Dylan Louie,2026-04-30,14:35:22,-07:00,2026-04-30T14:35:22-07:00,0,0
projects/projects.js,28,js,ced31679,Dylan Louie,2026-04-30,14:35:22,-07:00,2026-04-30T14:35:22-07:00,0,0
projects/projects.js,29,js,ced31679,Dylan Louie,2026-04-30,14:35:22,-07:00,2026-04-30T14:35:22-07:00,0,31
projects/projects.js,30,js,ced31679,Dylan Louie,2026-04-30,14:35:22,-07:00,2026-04-30T14:35:22-07:00,1,41
projects/projects.js,31,js,ced31679,Dylan Louie,2026-04-30,14:35:22,-07:00,2026-04-30T14:35:22-07:00,1,26
projects/projects.js,32,js,ced31679,Dylan Louie,2026-04-30,14:35:22,-07:00,2026-04-30T14:35:22-07:00,2,73
projects/projects.js,33,js,ced31679,Dylan Louie,2026-04-30,14:35:22,-07:00,2026-04-30T14:35:22-07:00,1,0
projects/projects.js,34,js,ced31679,Dylan Louie,2026-04-30,14:35:22,-07:00,2026-04-30T14:35:22-07:00,1,14
projects/projects.js,35,js,ced31679,Dylan Louie,2026-04-30,14:35:22,-07:00,2026-04-30T14:35:22-07:00,0,0
projects/projects.js,36,js,ced31679,Dylan Louie,2026-04-30,14:35:22,-07:00,2026-04-30T14:35:22-07:00,0,0
projects/projects.js,37,js,ced31679,Dylan Louie,2026-04-30,14:35:22,-07:00,2026-04-30T14:35:22-07:00,0,38
projects/projects.js,38,js,ced31679,Dylan Louie,2026-04-30,14:35:22,-07:00,2026-04-30T14:35:22-07:00,1,28
projects/projects.js,39,js,ced31679,Dylan Louie,2026-04-30,14:35:22,-07:00,2026-04-30T14:35:22-07:00,2,12
projects/projects.js,40,js,ced31679,Dylan Louie,2026-04-30,14:35:22,-07:00,2026-04-30T14:35:22-07:00,2,14
projects/projects.js,41,js,ced31679,Dylan Louie,2026-04-30,14:35:22,-07:00,2026-04-30T14:35:22-07:00,2,11
projects/projects.js,42,js,ced31679,Dylan Louie,2026-04-30,14:35:22,-07:00,2026-04-30T14:35:22-07:00,1,0
projects/projects.js,43,js,ced31679,Dylan Louie,2026-04-30,14:35:22,-07:00,2026-04-30T14:35:22-07:00,1,47
projects/projects.js,44,js,ced31679,Dylan Louie,2026-04-30,14:35:22,-07:00,2026-04-30T14:35:22-07:00,2,18
projects/projects.js,45,js,ced31679,Dylan Louie,2026-04-30,14:35:22,-07:00,2026-04-30T14:35:22-07:00,2,11
projects/projects.js,46,js,ced31679,Dylan Louie,2026-04-30,14:35:22,-07:00,2026-04-30T14:35:22-07:00,1,2
projects/projects.js,47,js,ced31679,Dylan Louie,2026-04-30,14:35:22,-07:00,2026-04-30T14:35:22-07:00,0,0
projects/projects.js,48,js,ced31679,Dylan Louie,2026-04-30,14:35:22,-07:00,2026-04-30T14:35:22-07:00,1,52
projects/projects.js,49,js,ced31679,Dylan Louie,2026-04-30,14:35:22,-07:00,2026-04-30T14:35:22-07:00,1,35
projects/projects.js,50,js,ced31679,Dylan Louie,2026-04-30,14:35:22,-07:00,2026-04-30T14:35:22-07:00,1,47
projects/projects.js,51,js,ced31679,Dylan Louie,2026-04-30,14:35:22,-07:00,2026-04-30T14:35:22-07:00,0,0
projects/projects.js,52,js,ced31679,Dylan Louie,2026-04-30,14:35:22,-07:00,2026-04-30T14:35:22-07:00,1,27
projects/projects.js,53,js,ced31679,Dylan Louie,2026-04-30,14:35:22,-07:00,2026-04-30T14:35:22-07:00,1,29
projects/projects.js,54,js,ced31679,Dylan Louie,2026-04-30,14:35:22,-07:00,2026-04-30T14:35:22-07:00,0,0
projects/projects.js,55,js,ced31679,Dylan Louie,2026-04-30,14:35:22,-07:00,2026-04-30T14:35:22-07:00,1,34
projects/projects.js,56,js,ced31679,Dylan Louie,2026-04-30,14:35:22,-07:00,2026-04-30T14:35:22-07:00,1,30
projects/projects.js,57,js,ced31679,Dylan Louie,2026-04-30,14:35:22,-07:00,2026-04-30T14:35:22-07:00,0,0
projects/projects.js,58,js,ced31679,Dylan Louie,2026-04-30,14:35:22,-07:00,2026-04-30T14:35:22-07:00,1,68
projects/projects.js,59,js,ced31679,Dylan Louie,2026-04-30,14:35:22,-07:00,2026-04-30T14:35:22-07:00,0,0
projects/projects.js,60,js,ced31679,Dylan Louie,2026-04-30,14:35:22,-07:00,2026-04-30T14:35:22-07:00,1,24
projects/projects.js,61,js,ced31679,Dylan Louie,2026-04-30,14:35:22,-07:00,2026-04-30T14:35:22-07:00,2,1
projects/projects.js,62,js,ced31679,Dylan Louie,2026-04-30,14:35:22,-07:00,2026-04-30T14:35:22-07:00,3,13
projects/projects.js,63,js,ced31679,Dylan Louie,2026-04-30,14:35:22,-07:00,2026-04-30T14:35:22-07:00,3,13
projects/projects.js,64,js,ced31679,Dylan Louie,2026-04-30,14:35:22,-07:00,2026-04-30T14:35:22-07:00,3,22
projects/projects.js,65,js,ced31679,Dylan Louie,2026-04-30,14:35:22,-07:00,2026-04-30T14:35:22-07:00,3,51
projects/projects.js,66,js,ced31679,Dylan Louie,2026-04-30,14:35:22,-07:00,2026-04-30T14:35:22-07:00,3,18
projects/projects.js,67,js,ced31679,Dylan Louie,2026-04-30,14:35:22,-07:00,2026-04-30T14:35:22-07:00,4,67
projects/projects.js,68,js,ced31679,Dylan Louie,2026-04-30,14:35:22,-07:00,2026-04-30T14:35:22-07:00,4,38
projects/projects.js,69,js,ced31679,Dylan Louie,2026-04-30,14:35:22,-07:00,2026-04-30T14:35:22-07:00,5,29
projects/projects.js,70,js,ced31679,Dylan Louie,2026-04-30,14:35:22,-07:00,2026-04-30T14:35:22-07:00,4,0
projects/projects.js,71,js,ced31679,Dylan Louie,2026-04-30,14:35:22,-07:00,2026-04-30T14:35:22-07:00,0,0
projects/projects.js,72,js,ced31679,Dylan Louie,2026-04-30,14:35:22,-07:00,2026-04-30T14:35:22-07:00,4,1
projects/projects.js,73,js,ced31679,Dylan Louie,2026-04-30,14:35:22,-07:00,2026-04-30T14:35:22-07:00,5,16
projects/projects.js,74,js,ced31679,Dylan Louie,2026-04-30,14:35:22,-07:00,2026-04-30T14:35:22-07:00,5,24
projects/projects.js,75,js,ced31679,Dylan Louie,2026-04-30,14:35:22,-07:00,2026-04-30T14:35:22-07:00,6,40
projects/projects.js,76,js,ced31679,Dylan Louie,2026-04-30,14:35:22,-07:00,2026-04-30T14:35:22-07:00,5,0
projects/projects.js,77,js,ced31679,Dylan Louie,2026-04-30,14:35:22,-07:00,2026-04-30T14:35:22-07:00,4,4
projects/projects.js,78,js,ced31679,Dylan Louie,2026-04-30,14:35:22,-07:00,2026-04-30T14:35:22-07:00,5,14
projects/projects.js,79,js,ced31679,Dylan Louie,2026-04-30,14:35:22,-07:00,2026-04-30T14:35:22-07:00,5,4
projects/projects.js,80,js,ced31679,Dylan Louie,2026-04-30,14:35:22,-07:00,2026-04-30T14:35:22-07:00,6,6
projects/projects.js,81,js,ced31679,Dylan Louie,2026-04-30,14:35:22,-07:00,2026-04-30T14:35:22-07:00,6,9
projects/projects.js,82,js,ced31679,Dylan Louie,2026-04-30,14:35:22,-07:00,2026-04-30T14:35:22-07:00,7,57
projects/projects.js,83,js,ced31679,Dylan Louie,2026-04-30,14:35:22,-07:00,2026-04-30T14:35:22-07:00,5,0
projects/projects.js,84,js,ced31679,Dylan Louie,2026-04-30,14:35:22,-07:00,2026-04-30T14:35:22-07:00,0,0
projects/projects.js,85,js,ced31679,Dylan Louie,2026-04-30,14:35:22,-07:00,2026-04-30T14:35:22-07:00,4,62
projects/projects.js,86,js,ced31679,Dylan Louie,2026-04-30,14:35:22,-07:00,2026-04-30T14:35:22-07:00,3,1
projects/projects.js,87,js,ced31679,Dylan Louie,2026-04-30,14:35:22,-07:00,2026-04-30T14:35:22-07:00,1,1
projects/projects.js,88,js,ced31679,Dylan Louie,2026-04-30,14:35:22,-07:00,2026-04-30T14:35:22-07:00,0,0
projects/projects.js,89,js,ced31679,Dylan Louie,2026-04-30,14:35:22,-07:00,2026-04-30T14:35:22-07:00,1,24
projects/projects.js,90,js,ced31679,Dylan Louie,2026-04-30,14:35:22,-07:00,2026-04-30T14:35:22-07:00,2,4
projects/projects.js,91,js,ced31679,Dylan Louie,2026-04-30,14:35:22,-07:00,2026-04-30T14:35:22-07:00,3,11
projects/projects.js,92,js,ced31679,Dylan Louie,2026-04-30,14:35:22,-07:00,2026-04-30T14:35:22-07:00,3,38
projects/projects.js,93,js,ced31679,Dylan Louie,2026-04-30,14:35:22,-07:00,2026-04-30T14:35:22-07:00,3,70
projects/projects.js,94,js,ced31679,Dylan Louie,2026-04-30,14:35:22,-07:00,2026-04-30T14:35:22-07:00,3,69
projects/projects.js,95,js,ced31679,Dylan Louie,2026-04-30,14:35:22,-07:00,2026-04-30T14:35:22-07:00,1,1
projects/projects.js,96,js,ced31679,Dylan Louie,2026-04-30,14:35:22,-07:00,2026-04-30T14:35:22-07:00,0,0
projects/projects.js,97,js,ced31679,Dylan Louie,2026-04-30,14:35:22,-07:00,2026-04-30T14:35:22-07:00,0,0
projects/projects.js,98,js,ced31679,Dylan Louie,2026-04-30,14:35:22,-07:00,2026-04-30T14:35:22-07:00,0,23
projects/projects.js,99,js,ced31679,Dylan Louie,2026-04-30,14:35:22,-07:00,2026-04-30T14:35:22-07:00,0,0
projects/projects.js,100,js,ced31679,Dylan Louie,2026-04-30,14:35:22,-07:00,2026-04-30T14:35:22-07:00,0,55
projects/projects.js,101,js,ced31679,Dylan Louie,2026-04-30,14:35:22,-07:00,2026-04-30T14:35:22-07:00,0,48
projects/projects.js,102,js,ced31679,Dylan Louie,2026-04-30,14:35:22,-07:00,2026-04-30T14:35:22-07:00,1,25
projects/projects.js,103,js,ced31679,Dylan Louie,2026-04-30,14:35:22,-07:00,2026-04-30T14:35:22-07:00,1,42
projects/projects.js,104,js,ced31679,Dylan Louie,2026-04-30,14:35:22,-07:00,2026-04-30T14:35:22-07:00,1,62
projects/projects.js,105,js,ced31679,Dylan Louie,2026-04-30,14:35:22,-07:00,2026-04-30T14:35:22-07:00,0,1
projects/index.html,1,html,82e2dd9f,Dylan Louie,2026-04-03,16:01:11,-07:00,2026-04-03T16:01:11-07:00,0,13
projects/index.html,2,html,82e2dd9f,Dylan Louie,2026-04-03,16:01:11,-07:00,2026-04-03T16:01:11-07:00,0,14
projects/index.html,3,html,82e2dd9f,Dylan Louie,2026-04-03,16:01:11,-07:00,2026-04-03T16:01:11-07:00,1,4
projects/index.html,4,html,82e2dd9f,Dylan Louie,2026-04-03,16:01:11,-07:00,2026-04-03T16:01:11-07:00,2,22
projects/index.html,5,html,82e2dd9f,Dylan Louie,2026-04-03,16:01:11,-07:00,2026-04-03T16:01:11-07:00,2,70
projects/index.html,6,html,82e2dd9f,Dylan Louie,2026-04-03,16:01:11,-07:00,2026-04-03T16:01:11-07:00,2,21
projects/index.html,7,html,1066b871,Dylan Louie,2026-04-03,16:10:00,-07:00,2026-04-03T16:10:00-07:00,2,43
projects/index.html,8,html,b1de0d89,Dylan Louie,2026-04-16,17:46:15,-07:00,2026-04-16T17:46:15-07:00,2,48
projects/index.html,9,html,773e8eb5,Dylan Louie,2026-04-22,23:12:26,-07:00,2026-04-22T23:12:26-07:00,2,47
projects/index.html,10,html,82e2dd9f,Dylan Louie,2026-04-03,16:01:11,-07:00,2026-04-03T16:01:11-07:00,1,5
projects/index.html,11,html,82e2dd9f,Dylan Louie,2026-04-03,16:01:11,-07:00,2026-04-03T16:01:11-07:00,1,4
projects/index.html,12,html,773e8eb5,Dylan Louie,2026-04-22,23:12:26,-07:00,2026-04-22T23:12:26-07:00,2,38
projects/index.html,13,html,773e8eb5,Dylan Louie,2026-04-22,23:12:26,-07:00,2026-04-22T23:12:26-07:00,0,0
projects/index.html,14,html,ced31679,Dylan Louie,2026-04-30,14:35:22,-07:00,2026-04-30T14:35:22-07:00,2,25
projects/index.html,15,html,ced31679,Dylan Louie,2026-04-30,14:35:22,-07:00,2026-04-30T14:35:22-07:00,3,58
projects/index.html,16,html,ced31679,Dylan Louie,2026-04-30,14:35:22,-07:00,2026-04-30T14:35:22-07:00,3,22
projects/index.html,17,html,ced31679,Dylan Louie,2026-04-30,14:35:22,-07:00,2026-04-30T14:35:22-07:00,2,4
projects/index.html,18,html,ced31679,Dylan Louie,2026-04-30,14:35:22,-07:00,2026-04-30T14:35:22-07:00,0,0
projects/index.html,19,html,ced31679,Dylan Louie,2026-04-30,14:35:22,-07:00,2026-04-30T14:35:22-07:00,2,4
projects/index.html,20,html,ced31679,Dylan Louie,2026-04-30,14:35:22,-07:00,2026-04-30T14:35:22-07:00,3,15
projects/index.html,21,html,ced31679,Dylan Louie,2026-04-30,14:35:22,-07:00,2026-04-30T14:35:22-07:00,3,11
projects/index.html,22,html,ced31679,Dylan Louie,2026-04-30,14:35:22,-07:00,2026-04-30T14:35:22-07:00,3,26
projects/index.html,23,html,ced31679,Dylan Louie,2026-04-30,14:35:22,-07:00,2026-04-30T14:35:22-07:00,3,31
projects/index.html,24,html,ced31679,Dylan Louie,2026-04-30,14:35:22,-07:00,2026-04-30T14:35:22-07:00,2,0
projects/index.html,25,html,ced31679,Dylan Louie,2026-04-30,14:35:22,-07:00,2026-04-30T14:35:22-07:00,0,0
projects/index.html,26,html,773e8eb5,Dylan Louie,2026-04-22,23:12:26,-07:00,2026-04-22T23:12:26-07:00,2,26
projects/index.html,27,html,82e2dd9f,Dylan Louie,2026-04-03,16:01:11,-07:00,2026-04-03T16:01:11-07:00,1,5
projects/index.html,28,html,82e2dd9f,Dylan Louie,2026-04-03,16:01:11,-07:00,2026-04-03T16:01:11-07:00,0,5
contact/index.html,1,html,82e2dd9f,Dylan Louie,2026-04-03,16:01:11,-07:00,2026-04-03T16:01:11-07:00,0,13
contact/index.html,2,html,82e2dd9f,Dylan Louie,2026-04-03,16:01:11,-07:00,2026-04-03T16:01:11-07:00,0,14
contact/index.html,3,html,82e2dd9f,Dylan Louie,2026-04-03,16:01:11,-07:00,2026-04-03T16:01:11-07:00,1,4
contact/index.html,4,html,82e2dd9f,Dylan Louie,2026-04-03,16:01:11,-07:00,2026-04-03T16:01:11-07:00,2,22
contact/index.html,5,html,82e2dd9f,Dylan Louie,2026-04-03,16:01:11,-07:00,2026-04-03T16:01:11-07:00,2,70
contact/index.html,6,html,82e2dd9f,Dylan Louie,2026-04-03,16:01:11,-07:00,2026-04-03T16:01:11-07:00,2,20
contact/index.html,7,html,1066b871,Dylan Louie,2026-04-03,16:10:00,-07:00,2026-04-03T16:10:00-07:00,2,43
contact/index.html,8,html,b1de0d89,Dylan Louie,2026-04-16,17:46:15,-07:00,2026-04-16T17:46:15-07:00,2,48
contact/index.html,9,html,82e2dd9f,Dylan Louie,2026-04-03,16:01:11,-07:00,2026-04-03T16:01:11-07:00,1,5
contact/index.html,10,html,82e2dd9f,Dylan Louie,2026-04-03,16:01:11,-07:00,2026-04-03T16:01:11-07:00,1,4
contact/index.html,11,html,82e2dd9f,Dylan Louie,2026-04-03,16:01:11,-07:00,2026-04-03T16:01:11-07:00,2,14
contact/index.html,12,html,82e2dd9f,Dylan Louie,2026-04-03,16:01:11,-07:00,2026-04-03T16:01:11-07:00,2,3
contact/index.html,13,html,82e2dd9f,Dylan Louie,2026-04-03,16:01:11,-07:00,2026-04-03T16:01:11-07:00,3,38
contact/index.html,14,html,82e2dd9f,Dylan Louie,2026-04-03,16:01:11,-07:00,2026-04-03T16:01:11-07:00,2,0
contact/index.html,15,html,82e2dd9f,Dylan Louie,2026-04-03,16:01:11,-07:00,2026-04-03T16:01:11-07:00,3,5
contact/index.html,16,html,82e2dd9f,Dylan Louie,2026-04-03,16:01:11,-07:00,2026-04-03T16:01:11-07:00,4,6
contact/index.html,17,html,82e2dd9f,Dylan Louie,2026-04-03,16:01:11,-07:00,2026-04-03T16:01:11-07:00,4,22
contact/index.html,18,html,82e2dd9f,Dylan Louie,2026-04-03,16:01:11,-07:00,2026-04-03T16:01:11-07:00,3,6
contact/index.html,19,html,82e2dd9f,Dylan Louie,2026-04-03,16:01:11,-07:00,2026-04-03T16:01:11-07:00,3,5
contact/index.html,20,html,82e2dd9f,Dylan Louie,2026-04-03,16:01:11,-07:00,2026-04-03T16:01:11-07:00,4,3
contact/index.html,21,html,82e2dd9f,Dylan Louie,2026-04-03,16:01:11,-07:00,2026-04-03T16:01:11-07:00,4,31
contact/index.html,22,html,82e2dd9f,Dylan Louie,2026-04-03,16:01:11,-07:00,2026-04-03T16:01:11-07:00,3,6
contact/index.html,23,html,82e2dd9f,Dylan Louie,2026-04-03,16:01:11,-07:00,2026-04-03T16:01:11-07:00,3,21
contact/index.html,24,html,82e2dd9f,Dylan Louie,2026-04-03,16:01:11,-07:00,2026-04-03T16:01:11-07:00,2,5
contact/index.html,25,html,82e2dd9f,Dylan Louie,2026-04-03,16:01:11,-07:00,2026-04-03T16:01:11-07:00,1,5
contact/index.html,26,html,82e2dd9f,Dylan Louie,2026-04-03,16:01:11,-07:00,2026-04-03T16:01:11-07:00,0,5
